49a6046123-f63e-455d-bdcf-2388c78bd9d3	JackMan93	THISISMYNEWPASSWORD	THISISMYNEWEMAIL@email.com	Jack	Kessler	false
47265796-a123b123-42123d-95a8-bf579881237ef0	FVilla	THISISMYNEWPASSWORD	THISISMYNEWEMAIL@email.com	Francis	Villagran	false
6254b26123-50c9-485f-8bf0-e3b76273a3b3	jdoe01232	password0123	jdoe123@email.com	John	Doe	true
3ca5e2123b-626f-4cd4-8ab123-570a0123939dc7	jmiller	password02	jamil@email.com	Jane	Miller	false
86697db8-3123b3-43d2-a035-e28f552359da	JoJo123123123	joj123123123	jojoloj@email.com	Jo	Elmo	true
679f12334e-f9c7-4f60-8c23-2a53248b621239	JoJo123123123	joj123123123	jojoloj@email.com	Jo	Elmo	true
e78889a123-a340-40123123-9fd8-dceffbba123bd6	HonestAbe	liberator	abe09@email.com	Johnathan	Doe	false
d85f8cf0-cdf0-4762-a8b9-bd8ff12360123f123a	HonestJane	honesty	superjane@email.com	Johnathan	Doe	true
62aa9aee-951238-412307-b8a6-56dcd123907b1238	Godzilla12329	incarnate	godzilla@email.com	Johnathan	Doe	false
fdcf24c7-da75-4e94-8477-e3a452fe46c8	JackDude1232	TheDude	thedude@email.com	Johnathan	Doe	true
072c61231236-0373-451238-93f123-625702924a4b	Real	Person	realperson@email.com	Real	Person	fals
57960424-9123f6-4bbe-a41233-4a5bc781234582	JeffM	jefftime	jm@email.com	Jeff	Malarky	false
a32b5f8d-c81237-4653-9497-8e246bbc8d58	JeffM	jefftime	jm@email.com	Jeff	Malarky	false
da6efa63-4eac-4299-a123c123-4b7f0348d8a3	JeffM	jefftime	jm@email.com	Jeff	Malarky	true
de40cc00-9873-491239-bc8123-effcc123955f123123	Eric	123	yahoo@gmail.com	Johnathan	Doe	false
fcfe085c-fd45-4c4123-bf47-ed83c596ae7123	Eric	123	yahoo@gmail.com	Johnathan	Doe	false
3c83a49b-ebde-4fa9-bf36-ce0f9ef6fbcf	Eric C	123	gmail@yahoo.com	Johnathan	Doe	true
